"Modele","NbVar","R2","R2_adj","AIC","BIC"
"Option2_base",7,0.73140772230695,0.72661143163386,2204.07422655527,2239.99740747924
"StepAIC",6,0.731407164903549,0.727306510932611,2202.07505666525,2234.00677304211
"Best_BIC",5,0.729332443112398,0.725897575639205,2203.15294936245,2231.09320119221
"Lasso_lm",5,0.729332443112398,0.725897575639205,2203.15294936245,2231.09320119221
