"Option","NbVar","R2","R2_adj","AIC","BIC","VIF_max"
"1-Complet",8,0.732341197298238,0.726864802358049,2204.68163123075,2244.59627670183,63.1801893323846
"2-Sans engine_size",7,0.73140772230695,0.72661143163386,2204.07422655527,2239.99740747924,4.40020847488256
"3-Sans weight",7,0.730237844742079,0.725420663398188,2205.8126788978,2241.73585982177,4.42139691558978
"4-Indice composite",6,0.292621694706401,0.281822025923292,2589.4226563979,2621.35437277477,1.01847886683609
